MutantNo,[FAIL | TIME | EXC | LIVE]
4,EXC
5,FAIL
6,EXC
9,EXC
10,LIVE
11,LIVE
12,LIVE
13,LIVE
14,EXC
15,LIVE
16,FAIL
17,FAIL
19,FAIL
20,LIVE
21,FAIL
22,FAIL
23,LIVE
24,FAIL
26,LIVE
27,FAIL
28,LIVE
34,LIVE
36,FAIL
37,FAIL
38,FAIL
39,FAIL
40,FAIL
41,FAIL
42,FAIL
43,FAIL
44,FAIL
49,LIVE
50,FAIL
51,LIVE
59,LIVE
60,FAIL
61,FAIL
62,FAIL
63,LIVE
64,FAIL
65,FAIL
66,FAIL
67,LIVE
68,FAIL
69,LIVE
70,LIVE
71,LIVE
76,FAIL
77,LIVE
83,EXC
84,FAIL
85,EXC
86,LIVE
87,FAIL
88,LIVE
91,FAIL
92,LIVE
93,EXC
94,FAIL
95,EXC
96,FAIL
97,LIVE
98,FAIL
99,LIVE
100,LIVE
101,LIVE
102,LIVE
103,LIVE
104,LIVE
105,LIVE
106,LIVE
107,LIVE
108,FAIL
109,TIME
110,FAIL
111,LIVE
113,FAIL
114,FAIL
115,LIVE
116,FAIL
117,FAIL
118,LIVE
119,FAIL
120,LIVE
122,FAIL
123,FAIL
124,LIVE
125,FAIL
126,FAIL
127,LIVE
128,LIVE
129,FAIL
130,FAIL
131,FAIL
132,LIVE
133,TIME
134,FAIL
135,LIVE
136,FAIL
137,FAIL
138,TIME
139,FAIL
140,FAIL
141,EXC
142,FAIL
143,FAIL
144,FAIL
145,FAIL
146,TIME
147,LIVE
148,LIVE
149,FAIL
150,FAIL
151,LIVE
152,FAIL
156,FAIL
158,FAIL
159,FAIL
160,FAIL
161,FAIL
162,LIVE
163,FAIL
165,LIVE
166,FAIL
167,FAIL
168,LIVE
169,LIVE
170,FAIL
171,FAIL
172,LIVE
173,LIVE
175,FAIL
180,FAIL
181,FAIL
182,FAIL
183,FAIL
186,LIVE
187,FAIL
188,LIVE
189,TIME
190,FAIL
191,FAIL
192,FAIL
193,LIVE
195,FAIL
196,FAIL
197,FAIL
198,LIVE
200,FAIL
201,FAIL
202,FAIL
203,FAIL
204,LIVE
206,LIVE
208,FAIL
209,LIVE
210,FAIL
211,LIVE
212,LIVE
213,LIVE
214,LIVE
215,LIVE
216,FAIL
217,FAIL
218,LIVE
219,FAIL
220,FAIL
221,FAIL
222,FAIL
223,FAIL
224,LIVE
228,FAIL
229,FAIL
230,FAIL
231,FAIL
232,FAIL
233,FAIL
235,EXC
236,LIVE
237,LIVE
238,EXC
239,EXC
240,EXC
241,FAIL
242,LIVE
243,LIVE
244,FAIL
245,EXC
246,EXC
247,LIVE
248,LIVE
249,FAIL
250,FAIL
251,FAIL
252,FAIL
253,LIVE
254,FAIL
255,EXC
256,LIVE
257,FAIL
258,FAIL
259,FAIL
260,FAIL
261,LIVE
262,FAIL
263,LIVE
264,FAIL
265,FAIL
266,LIVE
267,LIVE
268,LIVE
269,FAIL
270,LIVE
271,LIVE
272,LIVE
273,FAIL
275,EXC
276,FAIL
277,EXC
278,EXC
279,EXC
280,EXC
281,EXC
282,FAIL
283,LIVE
284,LIVE
285,FAIL
286,FAIL
287,FAIL
288,LIVE
289,LIVE
290,LIVE
291,FAIL
292,EXC
293,LIVE
294,EXC
295,FAIL
296,FAIL
325,EXC
326,FAIL
328,LIVE
329,FAIL
330,FAIL
331,LIVE
332,LIVE
333,LIVE
335,FAIL
336,FAIL
341,LIVE
344,LIVE
347,LIVE
348,LIVE
349,FAIL
350,FAIL
357,FAIL
358,LIVE
360,FAIL
361,EXC
362,FAIL
363,FAIL
364,LIVE
365,EXC
366,FAIL
367,FAIL
368,LIVE
370,LIVE
371,LIVE
372,LIVE
373,FAIL
374,LIVE
375,LIVE
376,FAIL
379,EXC
380,LIVE
381,EXC
382,LIVE
383,LIVE
384,LIVE
385,FAIL
386,TIME
387,LIVE
388,LIVE
389,LIVE
390,FAIL
391,LIVE
392,LIVE
393,FAIL
397,EXC
398,LIVE
399,FAIL
400,LIVE
401,EXC
402,LIVE
403,EXC
404,FAIL
405,EXC
406,EXC
407,FAIL
408,FAIL
409,LIVE
410,FAIL
411,TIME
412,FAIL
413,LIVE
416,FAIL
419,FAIL
422,FAIL
424,LIVE
429,LIVE
430,FAIL
432,FAIL
433,LIVE
434,FAIL
435,LIVE
436,FAIL
438,FAIL
439,FAIL
440,FAIL
441,FAIL
442,FAIL
443,FAIL
444,LIVE
445,FAIL
452,FAIL
457,LIVE
458,FAIL
459,FAIL
460,FAIL
461,LIVE
462,LIVE
463,EXC
464,FAIL
465,LIVE
466,EXC
467,EXC
468,LIVE
469,EXC
470,EXC
471,FAIL
472,FAIL
473,EXC
474,EXC
478,EXC
481,FAIL
486,FAIL
487,FAIL
488,LIVE
489,FAIL
490,LIVE
491,EXC
492,FAIL
493,EXC
494,LIVE
495,FAIL
496,FAIL
497,LIVE
498,LIVE
499,FAIL
500,FAIL
501,FAIL
502,FAIL
503,EXC
504,LIVE
505,LIVE
506,LIVE
507,EXC
512,LIVE
513,LIVE
514,FAIL
515,FAIL
516,FAIL
517,LIVE
518,LIVE
519,LIVE
520,LIVE
521,LIVE
522,FAIL
524,FAIL
525,LIVE
526,LIVE
527,LIVE
529,FAIL
530,LIVE
531,FAIL
532,FAIL
533,LIVE
534,FAIL
535,FAIL
536,EXC
537,FAIL
538,LIVE
540,LIVE
541,EXC
542,TIME
543,FAIL
544,FAIL
569,EXC
570,EXC
571,EXC
572,FAIL
573,EXC
574,FAIL
575,EXC
576,FAIL
577,EXC
578,LIVE
579,FAIL
580,FAIL
581,FAIL
582,FAIL
583,FAIL
584,FAIL
585,FAIL
586,FAIL
587,LIVE
588,FAIL
589,FAIL
590,FAIL
591,FAIL
592,FAIL
593,FAIL
594,FAIL
595,LIVE
596,FAIL
597,FAIL
598,FAIL
599,FAIL
600,FAIL
601,FAIL
602,FAIL
603,LIVE
604,FAIL
605,FAIL
606,FAIL
607,FAIL
608,LIVE
610,FAIL
611,FAIL
612,FAIL
613,FAIL
634,EXC
635,LIVE
638,FAIL
639,FAIL
640,FAIL
641,LIVE
642,LIVE
644,LIVE
645,LIVE
647,EXC
648,EXC
651,EXC
652,LIVE
654,FAIL
656,EXC
679,LIVE
680,EXC
681,EXC
682,LIVE
683,EXC
684,EXC
685,EXC
686,LIVE
687,LIVE
688,LIVE
689,EXC
693,LIVE
694,LIVE
695,LIVE
696,LIVE
697,LIVE
698,FAIL
700,LIVE
701,FAIL
705,LIVE
713,LIVE
714,FAIL
715,FAIL
716,FAIL
717,LIVE
718,FAIL
719,EXC
724,FAIL
725,FAIL
726,FAIL
728,FAIL
729,FAIL
730,FAIL
800,FAIL
801,LIVE
802,EXC
803,LIVE
804,FAIL
805,TIME
807,LIVE
828,LIVE
830,LIVE
832,LIVE
833,FAIL
834,FAIL
835,FAIL
861,LIVE
862,FAIL
863,FAIL
864,EXC
865,EXC
866,EXC
903,LIVE
904,LIVE
905,LIVE
906,LIVE
907,LIVE
908,LIVE
909,LIVE
910,LIVE
911,LIVE
912,LIVE
913,LIVE
914,LIVE
915,LIVE
916,LIVE
917,LIVE
918,LIVE
919,LIVE
920,LIVE
921,LIVE
922,LIVE
923,LIVE
925,LIVE
927,FAIL
929,LIVE
932,FAIL
933,LIVE
935,LIVE
938,FAIL
939,LIVE
941,FAIL
942,LIVE
943,FAIL
944,FAIL
945,LIVE
946,EXC
947,FAIL
948,FAIL
949,FAIL
950,FAIL
951,LIVE
953,LIVE
954,FAIL
955,LIVE
956,LIVE
957,FAIL
958,LIVE
959,LIVE
960,LIVE
961,LIVE
962,FAIL
964,LIVE
965,LIVE
966,EXC
967,FAIL
968,FAIL
969,EXC
970,FAIL
971,EXC
972,EXC
973,EXC
974,FAIL
975,EXC
976,EXC
977,EXC
978,FAIL
979,FAIL
980,FAIL
981,LIVE
984,LIVE
986,LIVE
987,FAIL
988,LIVE
989,LIVE
990,FAIL
991,LIVE
992,LIVE
993,LIVE
994,LIVE
995,FAIL
997,LIVE
998,LIVE
999,EXC
1000,LIVE
1001,EXC
1002,FAIL
1003,FAIL
1004,FAIL
1005,FAIL
1006,LIVE
1007,LIVE
1008,LIVE
1009,LIVE
1010,LIVE
1011,FAIL
1013,LIVE
1014,LIVE
1015,FAIL
1017,LIVE
1018,EXC
1019,LIVE
1020,FAIL
1021,LIVE
1023,LIVE
1024,EXC
1025,LIVE
1026,LIVE
1175,LIVE
1176,LIVE
1177,FAIL
1178,FAIL
1179,FAIL
1180,FAIL
1181,FAIL
1182,EXC
1183,FAIL
1184,FAIL
1185,EXC
1186,EXC
1187,FAIL
1188,EXC
1189,EXC
1190,FAIL
1191,LIVE
1192,FAIL
1207,LIVE
1208,FAIL
1209,FAIL
1210,FAIL
1211,FAIL
1212,FAIL
1213,FAIL
1214,EXC
1215,FAIL
1216,FAIL
1217,EXC
1218,EXC
1219,FAIL
1220,EXC
1221,EXC
1222,FAIL
1223,FAIL
1224,FAIL
1225,FAIL
1226,FAIL
1252,FAIL
1253,FAIL
1254,EXC
1255,EXC
1258,FAIL
1263,LIVE
1265,FAIL
1266,FAIL
1267,LIVE
1268,LIVE
1269,LIVE
1270,LIVE
1271,LIVE
1273,FAIL
1274,FAIL
1275,EXC
1282,FAIL
1283,FAIL
1300,FAIL
1301,FAIL
1302,FAIL
1303,EXC
1304,EXC
1305,FAIL
1306,LIVE
1307,FAIL
1308,FAIL
1309,FAIL
1310,FAIL
1311,LIVE
1312,FAIL
1313,FAIL
1314,FAIL
1315,FAIL
1316,FAIL
1317,FAIL
1318,LIVE
1319,FAIL
1320,FAIL
1321,FAIL
1322,FAIL
1323,EXC
1324,EXC
1325,EXC
1326,FAIL
1327,EXC
1328,EXC
1329,EXC
1330,FAIL
1331,LIVE
1332,LIVE
1333,FAIL
1334,LIVE
1335,LIVE
1336,LIVE
1337,FAIL
1338,LIVE
1339,LIVE
1340,FAIL
1341,FAIL
1342,FAIL
1343,LIVE
1344,FAIL
1345,FAIL
1434,FAIL
1435,FAIL
1436,FAIL
1437,FAIL
1438,FAIL
1439,FAIL
1440,FAIL
1441,FAIL
1442,FAIL
1443,FAIL
1444,FAIL
1445,FAIL
1446,FAIL
1447,FAIL
1448,FAIL
1449,FAIL
1450,EXC
1451,EXC
1452,LIVE
1453,EXC
1454,EXC
1455,FAIL
1456,LIVE
1457,FAIL
1458,EXC
1459,LIVE
1460,EXC
1461,EXC
1462,FAIL
1463,LIVE
1464,EXC
1465,EXC
1466,FAIL
1467,EXC
1468,FAIL
1469,EXC
1470,FAIL
1471,EXC
1472,LIVE
1569,FAIL
1570,EXC
1571,EXC
1775,LIVE
1777,LIVE
1779,FAIL
1780,LIVE
1781,LIVE
1782,FAIL
1783,FAIL
1785,FAIL
1786,FAIL
1788,LIVE
1789,LIVE
1791,LIVE
1792,LIVE
1793,FAIL
1794,LIVE
1796,FAIL
1797,FAIL
1798,LIVE
1799,FAIL
1801,LIVE
1802,LIVE
1803,FAIL
1804,LIVE
1806,FAIL
1808,FAIL
1810,LIVE
1812,LIVE
1813,LIVE
1816,LIVE
1818,LIVE
1819,FAIL
1820,LIVE
1823,FAIL
1824,LIVE
1826,FAIL
1828,LIVE
1829,LIVE
1830,FAIL
1833,FAIL
1834,LIVE
1840,EXC
1841,EXC
1842,LIVE
1843,EXC
1844,FAIL
1845,LIVE
1847,FAIL
1848,LIVE
1849,FAIL
1851,LIVE
1853,FAIL
1854,FAIL
2293,EXC
2294,EXC
2295,LIVE
2296,EXC
2297,EXC
2298,EXC
2299,LIVE
2300,FAIL
2301,FAIL
2302,EXC
2364,EXC
2365,LIVE
2367,LIVE
2369,FAIL
2370,LIVE
2371,LIVE
2372,EXC
2373,EXC
2374,FAIL
2375,FAIL
2380,FAIL
2381,FAIL
2382,LIVE
2383,FAIL
2384,FAIL
2385,FAIL
2386,FAIL
2387,LIVE
2388,LIVE
2389,LIVE
2390,FAIL
2391,LIVE
2392,FAIL
2393,LIVE
2394,LIVE
2395,LIVE
2396,FAIL
2397,LIVE
2398,FAIL
2399,LIVE
2400,LIVE
2401,FAIL
2402,FAIL
2403,FAIL
2404,FAIL
2405,FAIL
2406,FAIL
2407,FAIL
2408,LIVE
2409,FAIL
2410,LIVE
2411,LIVE
2412,FAIL
2413,LIVE
2414,FAIL
2415,LIVE
2416,FAIL
2417,LIVE
2418,FAIL
2419,LIVE
2420,LIVE
2421,LIVE
2422,LIVE
2423,LIVE
2424,FAIL
2425,LIVE
2426,LIVE
2427,LIVE
2445,LIVE
2467,FAIL
2468,FAIL
2469,FAIL
2470,LIVE
2471,LIVE
2472,FAIL
2473,FAIL
2474,LIVE
2475,FAIL
2476,FAIL
2477,FAIL
2478,FAIL
2479,LIVE
2480,FAIL
2482,LIVE
2483,FAIL
2485,LIVE
2487,FAIL
2488,FAIL
2489,FAIL
2490,FAIL
2491,FAIL
2492,FAIL
2493,LIVE
2494,FAIL
2496,LIVE
2497,FAIL
2499,LIVE
2500,FAIL
2502,FAIL
2503,FAIL
2504,FAIL
2505,LIVE
2506,FAIL
2510,LIVE
2511,EXC
2512,FAIL
2513,EXC
2514,FAIL
2515,EXC
2516,FAIL
2517,LIVE
2518,FAIL
2519,LIVE
2520,EXC
2521,EXC
2523,LIVE
2524,LIVE
2525,FAIL
2526,LIVE
2527,FAIL
2528,LIVE
2529,LIVE
2530,LIVE
2531,LIVE
2532,LIVE
2533,LIVE
2534,LIVE
2535,LIVE
2536,FAIL
2537,LIVE
2538,LIVE
2539,FAIL
2540,LIVE
2541,LIVE
2542,LIVE
2543,LIVE
2544,LIVE
2545,LIVE
2547,LIVE
2548,LIVE
2549,FAIL
2550,LIVE
2551,FAIL
2552,LIVE
2553,FAIL
2554,FAIL
2555,FAIL
2556,FAIL
2557,FAIL
2558,LIVE
2559,LIVE
2560,FAIL
2561,FAIL
2562,LIVE
2564,LIVE
2565,FAIL
2567,LIVE
2568,LIVE
2569,LIVE
2570,LIVE
2571,LIVE
2572,FAIL
2573,LIVE
2574,LIVE
2575,LIVE
2576,LIVE
2577,FAIL
2579,FAIL
2580,FAIL
2581,LIVE
2582,FAIL
2583,LIVE
2584,FAIL
2585,LIVE
2587,FAIL
2588,FAIL
2590,LIVE
2591,LIVE
2593,LIVE
2594,LIVE
2595,LIVE
2598,LIVE
2599,LIVE
2600,LIVE
2601,LIVE
2602,LIVE
2603,LIVE
2605,LIVE
2606,LIVE
2607,LIVE
2610,LIVE
2611,LIVE
2612,LIVE
2615,LIVE
2616,LIVE
2617,LIVE
2618,EXC
2619,LIVE
2620,LIVE
2621,LIVE
2622,LIVE
2623,TIME
2624,FAIL
2625,EXC
2626,EXC
2627,LIVE
2628,LIVE
2629,FAIL
2630,LIVE
2631,LIVE
2632,LIVE
2633,LIVE
2634,TIME
2636,LIVE
2637,LIVE
2640,LIVE
2641,TIME
2643,LIVE
2644,LIVE
2645,LIVE
2646,LIVE
2647,LIVE
2648,LIVE
2649,LIVE
2650,LIVE
2651,LIVE
2652,LIVE
2653,TIME
2661,LIVE
2662,LIVE
2667,FAIL
2668,FAIL
2670,FAIL
2671,LIVE
2672,FAIL
2673,FAIL
2674,FAIL
2678,FAIL
2679,FAIL
2683,LIVE
2684,LIVE
2685,LIVE
2687,LIVE
2688,LIVE
2690,FAIL
2691,FAIL
2702,FAIL
2703,FAIL
2711,FAIL
2712,FAIL
2718,FAIL
2719,FAIL
2720,EXC
2721,FAIL
2722,EXC
2723,FAIL
2724,FAIL
2725,FAIL
2726,FAIL
2727,FAIL
2728,FAIL
2729,EXC
2730,EXC
2731,LIVE
2732,FAIL
2733,FAIL
2734,FAIL
2735,FAIL
2736,FAIL
2737,EXC
2738,EXC
2739,LIVE
2740,FAIL
2741,EXC
2742,FAIL
2743,EXC
2744,FAIL
2745,FAIL
2746,FAIL
2747,FAIL
2748,FAIL
2749,FAIL
2750,FAIL
2766,FAIL
2767,FAIL
2768,FAIL
2769,FAIL
2770,FAIL
2771,EXC
2772,EXC
2773,EXC
2774,LIVE
2775,LIVE
2776,EXC
2777,EXC
2778,EXC
2779,LIVE
2780,LIVE
2781,FAIL
2782,FAIL
2783,FAIL
2784,LIVE
2785,FAIL
2786,LIVE
2787,FAIL
2788,LIVE
2789,EXC
2790,FAIL
2791,LIVE
2792,FAIL
2793,LIVE
2794,TIME
2795,LIVE
2796,TIME
2797,EXC
2798,LIVE
2800,EXC
2801,EXC
2802,EXC
2803,LIVE
2805,LIVE
2806,LIVE
2807,EXC
2808,EXC
2809,EXC
2811,EXC
2812,LIVE
2813,LIVE
2814,EXC
2815,EXC
2816,EXC
2817,LIVE
2818,EXC
2819,EXC
2820,LIVE
2821,EXC
2990,LIVE
2991,FAIL
2992,LIVE
2993,EXC
2995,LIVE
2996,EXC
2997,LIVE
2998,FAIL
2999,FAIL
3000,EXC
3001,FAIL
3002,EXC
3003,FAIL
3004,FAIL
3005,LIVE
3006,LIVE
3007,FAIL
3008,FAIL
3009,EXC
3011,LIVE
3012,EXC
3013,LIVE
3017,EXC
3018,FAIL
3019,TIME
3020,FAIL
3022,LIVE
3023,FAIL
3024,LIVE
3026,FAIL
3027,EXC
3028,LIVE
3029,LIVE
3030,EXC
3031,FAIL
3032,EXC
3033,EXC
3034,EXC
3035,FAIL
3036,LIVE
3037,EXC
3038,EXC
3039,FAIL
3040,LIVE
3041,FAIL
3042,LIVE
3043,FAIL
3044,FAIL
3045,FAIL
3046,FAIL
3047,FAIL
3048,FAIL
3049,FAIL
3050,FAIL
3051,FAIL
3052,FAIL
3053,LIVE
3054,FAIL
3055,FAIL
3056,FAIL
3057,LIVE
3058,FAIL
3059,LIVE
3060,LIVE
3061,FAIL
3062,LIVE
3063,LIVE
3064,LIVE
3065,LIVE
3066,LIVE
3067,FAIL
3069,FAIL
3070,FAIL
3071,FAIL
3072,FAIL
3073,FAIL
3074,FAIL
3075,FAIL
3076,FAIL
3077,FAIL
3078,FAIL
3079,FAIL
3080,FAIL
3081,LIVE
3082,FAIL
3083,LIVE
3086,FAIL
3087,FAIL
3088,LIVE
3089,EXC
3090,FAIL
3091,LIVE
3147,EXC
3148,FAIL
3149,EXC
3150,FAIL
3151,EXC
3152,FAIL
3153,EXC
3154,FAIL
3155,EXC
3156,FAIL
3157,EXC
3158,FAIL
3159,EXC
3160,FAIL
3161,EXC
3162,FAIL
3163,EXC
3164,FAIL
3165,EXC
3166,FAIL
3167,EXC
3168,FAIL
3169,EXC
3170,FAIL
3171,EXC
3172,FAIL
3173,EXC
3174,FAIL
3175,EXC
3176,FAIL
3177,EXC
3178,FAIL
3179,EXC
3180,FAIL
3181,EXC
3182,FAIL
3183,EXC
3184,FAIL
3185,EXC
3186,FAIL
3187,EXC
3188,FAIL
3189,EXC
3190,FAIL
3191,EXC
3192,FAIL
3193,EXC
3194,LIVE
3224,FAIL
3225,FAIL
3226,FAIL
3227,FAIL
3228,FAIL
3229,FAIL
3230,FAIL
3232,FAIL
3233,EXC
3234,EXC
3235,FAIL
3236,LIVE
3237,FAIL
3243,LIVE
3244,LIVE
3249,EXC
3250,FAIL
3251,LIVE
3252,LIVE
3253,FAIL
3255,EXC
3256,EXC
3257,EXC
3258,LIVE
3259,TIME
3260,LIVE
3264,TIME
3267,LIVE
3268,EXC
3269,LIVE
3270,LIVE
3271,TIME
3272,FAIL
3273,TIME
3274,LIVE
3275,LIVE
3276,EXC
3277,FAIL
3278,TIME
3279,LIVE
3281,LIVE
3282,LIVE
3283,LIVE
3284,LIVE
3285,LIVE
3286,LIVE
3287,EXC
3288,LIVE
3289,LIVE
3292,EXC
3293,LIVE
3294,LIVE
3295,LIVE
3297,LIVE
3298,EXC
3299,EXC
3300,LIVE
3301,LIVE
3302,LIVE
3303,LIVE
3306,TIME
3310,LIVE
3311,LIVE
3312,LIVE
3313,LIVE
3314,EXC
3315,EXC
3316,LIVE
3317,FAIL
3318,LIVE
3320,FAIL
3321,FAIL
3323,LIVE
3330,LIVE
3331,LIVE
3345,EXC
3346,FAIL
3347,FAIL
3354,EXC
3356,FAIL
3357,EXC
3358,LIVE
3359,FAIL
3360,LIVE
3361,EXC
3362,LIVE
3363,EXC
3364,FAIL
3365,LIVE
3373,EXC
3374,FAIL
3375,EXC
3376,FAIL
3377,EXC
3378,LIVE
3384,EXC
3385,LIVE
3386,FAIL
3387,FAIL
3388,FAIL
3389,FAIL
3390,EXC
3391,EXC
3392,FAIL
3393,FAIL
3394,FAIL
3395,LIVE
3396,LIVE
3397,FAIL
3398,FAIL
3399,FAIL
3400,FAIL
3401,FAIL
3403,FAIL
3404,FAIL
3405,FAIL
3406,FAIL
3407,FAIL
3408,FAIL
3409,LIVE
3410,EXC
3411,LIVE
3412,EXC
3413,FAIL
3414,FAIL
3415,FAIL
3416,FAIL
3417,FAIL
3418,EXC
3419,LIVE
3420,FAIL
3421,EXC
3422,EXC
3423,EXC
3424,EXC
3425,FAIL
3426,FAIL
3427,LIVE
3428,LIVE
3429,EXC
3430,FAIL
3431,LIVE
3432,FAIL
3433,EXC
3434,LIVE
3435,FAIL
3436,LIVE
3437,FAIL
3438,FAIL
3439,FAIL
3440,FAIL
3441,FAIL
3442,FAIL
3443,EXC
3444,LIVE
3445,LIVE
3446,FAIL
3447,EXC
3448,FAIL
3449,LIVE
3450,EXC
3451,EXC
3452,LIVE
3453,EXC
3454,FAIL
3455,EXC
3456,FAIL
3457,FAIL
3458,FAIL
3459,FAIL
3460,FAIL
3461,FAIL
3462,FAIL
3463,LIVE
3466,LIVE
3467,LIVE
3468,FAIL
3469,LIVE
3470,LIVE
3471,FAIL
3472,LIVE
3473,FAIL
3474,LIVE
3475,LIVE
3476,FAIL
3477,FAIL
3478,FAIL
3479,LIVE
3480,FAIL
3481,LIVE
3482,LIVE
3483,FAIL
3484,FAIL
3485,FAIL
3486,LIVE
3487,FAIL
3488,LIVE
3489,LIVE
3521,EXC
3524,EXC
3525,TIME
3530,EXC
3531,LIVE
3532,TIME
3533,EXC
3553,EXC
3554,FAIL
3555,FAIL
3556,LIVE
3557,FAIL
3558,FAIL
3559,FAIL
3560,FAIL
3561,FAIL
3562,FAIL
3563,FAIL
3564,FAIL
3565,EXC
3566,FAIL
3567,FAIL
3568,FAIL
3569,FAIL
3570,LIVE
3571,FAIL
3572,FAIL
3573,FAIL
3574,FAIL
3575,FAIL
3576,FAIL
3577,LIVE
3578,LIVE
3579,TIME
3582,FAIL
3583,FAIL
3584,EXC
3585,FAIL
3586,FAIL
3587,FAIL
3588,FAIL
3589,FAIL
3590,LIVE
3591,FAIL
3592,FAIL
3598,LIVE
3599,EXC
3600,EXC
3601,EXC
3602,LIVE
3606,FAIL
3607,LIVE
3608,FAIL
3609,FAIL
3610,FAIL
3611,EXC
3612,FAIL
3613,FAIL
3614,EXC
3615,FAIL
3616,LIVE
3617,EXC
3618,EXC
3619,EXC
3620,EXC
3621,LIVE
3623,LIVE
3624,LIVE
3627,EXC
3628,LIVE
3631,LIVE
3632,LIVE
3633,FAIL
3634,LIVE
3636,LIVE
3637,FAIL
3638,LIVE
3639,LIVE
3640,EXC
3641,FAIL
3642,LIVE
3643,FAIL
3644,LIVE
3645,LIVE
3661,FAIL
3662,FAIL
3663,LIVE
3666,EXC
3667,FAIL
3672,FAIL
3673,FAIL
3674,LIVE
3677,EXC
3678,FAIL
3689,FAIL
3690,FAIL
3691,LIVE
3694,LIVE
3700,LIVE
3701,LIVE
3702,EXC
3703,EXC
3704,LIVE
3705,EXC
3706,LIVE
3707,EXC
3708,LIVE
3709,EXC
3710,EXC
3711,TIME
3712,EXC
3713,EXC
3714,EXC
3715,EXC
3716,EXC
3717,EXC
3718,EXC
3719,EXC
3720,FAIL
3721,LIVE
3722,EXC
3723,FAIL
3724,EXC
3725,FAIL
3726,EXC
3727,EXC
3728,EXC
3729,EXC
3730,FAIL
3731,FAIL
3735,FAIL
3736,FAIL
3737,EXC
3738,LIVE
3739,EXC
3740,EXC
3741,FAIL
3742,EXC
3743,EXC
3744,EXC
3745,FAIL
3746,FAIL
3747,EXC
3748,EXC
3749,FAIL
3750,EXC
3751,EXC
3752,EXC
3753,EXC
3754,EXC
3755,EXC
3756,FAIL
3757,EXC
3758,FAIL
3759,EXC
3760,FAIL
3761,EXC
3762,FAIL
3763,EXC
3764,LIVE
3765,EXC
3766,EXC
3767,EXC
3768,EXC
3769,EXC
3770,FAIL
3771,FAIL
3772,FAIL
3773,EXC
3774,EXC
3775,FAIL
3776,EXC
3777,EXC
3778,EXC
3779,FAIL
3780,EXC
3781,EXC
3782,EXC
3783,EXC
3784,EXC
3785,EXC
3786,EXC
3787,FAIL
3788,LIVE
3789,LIVE
3790,FAIL
3791,FAIL
3792,EXC
3793,EXC
3794,LIVE
3795,LIVE
3796,EXC
3797,FAIL
3802,LIVE
3803,FAIL
3804,EXC
3805,EXC
3806,EXC
3807,LIVE
3808,LIVE
3809,EXC
3810,EXC
3811,FAIL
3812,EXC
3813,FAIL
3814,EXC
3815,EXC
3816,FAIL
3817,FAIL
3818,EXC
3819,FAIL
3820,FAIL
3821,LIVE
3822,FAIL
3823,FAIL
3824,EXC
3825,EXC
3826,EXC
3827,EXC
3828,EXC
3829,FAIL
3830,EXC
3831,FAIL
3832,LIVE
3833,EXC
3834,EXC
3835,FAIL
3836,LIVE
3838,FAIL
3839,LIVE
3840,EXC
3841,TIME
3842,LIVE
3843,LIVE
3844,EXC
3845,LIVE
3846,FAIL
3847,EXC
3848,EXC
3849,LIVE
3850,LIVE
3851,EXC
3852,FAIL
3853,EXC
3854,FAIL
3855,EXC
3886,LIVE
3887,LIVE
3889,LIVE
3890,LIVE
3891,FAIL
3893,EXC
3894,FAIL
3896,LIVE
3897,FAIL
3898,LIVE
3899,EXC
3900,EXC
3901,EXC
3902,LIVE
3903,EXC
3904,EXC
3905,LIVE
3906,EXC
3907,EXC
3908,EXC
3909,LIVE
3910,LIVE
3911,EXC
3912,EXC
3913,EXC
3914,FAIL
3915,EXC
3916,LIVE
3917,EXC
3918,EXC
3919,EXC
3920,EXC
3921,EXC
3922,LIVE
3923,EXC
3924,EXC
3925,EXC
3926,EXC
3927,EXC
3928,FAIL
3929,EXC
3930,FAIL
3931,EXC
3932,LIVE
3933,LIVE
3934,EXC
3935,EXC
3936,LIVE
3937,EXC
3938,EXC
3939,FAIL
3940,FAIL
3941,EXC
3942,FAIL
3943,LIVE
3944,LIVE
3945,EXC
3946,LIVE
3947,FAIL
3948,EXC
3951,LIVE
3952,EXC
3953,EXC
3954,EXC
3955,LIVE
3956,EXC
3957,EXC
3958,EXC
3959,EXC
3960,LIVE
3961,FAIL
3962,LIVE
3963,LIVE
3964,FAIL
3965,LIVE
3966,FAIL
3967,FAIL
3970,EXC
3971,FAIL
3972,FAIL
3973,FAIL
3974,FAIL
3975,FAIL
3976,FAIL
3977,FAIL
3978,FAIL
3979,FAIL
3980,FAIL
3981,FAIL
3982,EXC
4038,EXC
4039,FAIL
4042,FAIL
4043,LIVE
4045,FAIL
4046,FAIL
4047,LIVE
4048,FAIL
4049,LIVE
4050,FAIL
4052,FAIL
4053,FAIL
4054,FAIL
4055,FAIL
4056,FAIL
4057,FAIL
4058,LIVE
4059,FAIL
4060,FAIL
4061,FAIL
4062,FAIL
4063,FAIL
4064,FAIL
4065,FAIL
4066,FAIL
4067,FAIL
4068,FAIL
4069,FAIL
4070,FAIL
4071,FAIL
4072,FAIL
4073,FAIL
4074,LIVE
4075,FAIL
4076,FAIL
4077,LIVE
4078,LIVE
4079,FAIL
4080,FAIL
4081,FAIL
4082,EXC
4083,EXC
4084,LIVE
4085,LIVE
4087,FAIL
4088,LIVE
4089,FAIL
4090,FAIL
4091,LIVE
4092,LIVE
4093,FAIL
4094,FAIL
4095,LIVE
4096,FAIL
4097,FAIL
4098,LIVE
4099,FAIL
4100,LIVE
4111,LIVE
4112,FAIL
4113,LIVE
4114,FAIL
4115,LIVE
4116,LIVE
4117,LIVE
4118,LIVE
4119,LIVE
4120,FAIL
4121,FAIL
4122,FAIL
4123,LIVE
4124,FAIL
4125,LIVE
4126,LIVE
4127,LIVE
4129,LIVE
4130,LIVE
4131,LIVE
4132,LIVE
4133,LIVE
4134,LIVE
4135,LIVE
4136,LIVE
4137,LIVE
4138,LIVE
4139,LIVE
4145,LIVE
4146,LIVE
4147,LIVE
4152,FAIL
4153,FAIL
4154,LIVE
4155,LIVE
4156,FAIL
4157,FAIL
4158,FAIL
4159,FAIL
4160,EXC
4161,LIVE
4162,FAIL
4163,FAIL
4164,LIVE
4165,FAIL
4166,LIVE
4167,FAIL
4168,FAIL
4169,FAIL
4170,LIVE
4171,EXC
4172,EXC
4173,EXC
4174,LIVE
4175,LIVE
4176,FAIL
4177,FAIL
4178,FAIL
4179,LIVE
4180,LIVE
4181,LIVE
4182,EXC
4183,EXC
4184,LIVE
4185,LIVE
4186,LIVE
4187,LIVE
4188,LIVE
4189,LIVE
4190,LIVE
4192,FAIL
4193,FAIL
4194,EXC
4195,FAIL
4196,FAIL
4197,LIVE
4198,LIVE
4199,EXC
4200,LIVE
4201,LIVE
4202,LIVE
4203,EXC
4204,FAIL
4207,EXC
4208,LIVE
4209,FAIL
4210,LIVE
4211,LIVE
4212,LIVE
4213,EXC
4214,EXC
4215,FAIL
4216,EXC
4217,FAIL
4218,FAIL
4219,FAIL
4220,LIVE
4221,FAIL
4222,LIVE
4223,LIVE
4224,FAIL
4232,LIVE
4233,LIVE
4235,FAIL
4236,LIVE
4237,LIVE
4238,LIVE
4239,FAIL
4240,LIVE
4241,LIVE
4242,LIVE
4243,LIVE
4244,FAIL
4245,LIVE
4249,LIVE
4250,LIVE
4251,LIVE
4252,LIVE
4256,FAIL
4259,EXC
4264,LIVE
4265,FAIL
4268,FAIL
4269,FAIL
4270,LIVE
4271,FAIL
4272,LIVE
4273,LIVE
4274,EXC
4275,FAIL
4276,FAIL
4277,EXC
4278,EXC
4279,EXC
4280,EXC
4281,EXC
4282,LIVE
4283,LIVE
4284,LIVE
4285,LIVE
4286,LIVE
4287,EXC
4288,LIVE
4289,LIVE
4290,LIVE
4291,EXC
4292,FAIL
4293,LIVE
4294,EXC
4295,FAIL
4296,FAIL
4297,FAIL
4298,FAIL
4299,FAIL
4300,FAIL
4301,FAIL
4302,FAIL
4303,FAIL
4304,FAIL
4305,FAIL
4306,FAIL
4307,FAIL
4308,FAIL
4309,FAIL
4310,FAIL
4311,FAIL
4312,FAIL
4313,FAIL
4314,FAIL
4315,FAIL
4316,FAIL
4317,FAIL
4318,FAIL
4319,FAIL
4320,FAIL
4321,LIVE
4322,FAIL
4323,FAIL
4324,FAIL
4325,FAIL
4326,FAIL
4327,FAIL
4328,FAIL
4329,FAIL
4330,FAIL
4331,LIVE
4332,FAIL
4333,FAIL
4334,FAIL
4335,FAIL
4336,LIVE
4337,LIVE
4338,LIVE
4339,LIVE
4342,LIVE
4343,LIVE
4344,LIVE
4345,LIVE
4348,LIVE
4349,LIVE
4352,LIVE
4353,LIVE
4355,EXC
4356,LIVE
4357,LIVE
4358,LIVE
4359,FAIL
4360,FAIL
4361,FAIL
4363,FAIL
4364,FAIL
4365,FAIL
4366,FAIL
4367,FAIL
4368,FAIL
4369,FAIL
4370,FAIL
4371,FAIL
4372,FAIL
4373,FAIL
4374,FAIL
4375,FAIL
4376,FAIL
4377,FAIL
4378,FAIL
4379,FAIL
4380,FAIL
4381,FAIL
4382,FAIL
4410,FAIL
4411,LIVE
4412,FAIL
4413,LIVE
4414,FAIL
4415,FAIL
4416,LIVE
4417,LIVE
4418,EXC
4419,EXC
4420,FAIL
4421,FAIL
4422,FAIL
4423,FAIL
4424,FAIL
4425,FAIL
4426,FAIL
4427,FAIL
4428,FAIL
4429,FAIL
4430,FAIL
4431,LIVE
4432,LIVE
4433,LIVE
4434,LIVE
4435,LIVE
4436,FAIL
4437,FAIL
4438,LIVE
4439,LIVE
4440,LIVE
4441,LIVE
4442,LIVE
4443,EXC
4444,EXC
4445,FAIL
4446,FAIL
4447,EXC
4448,FAIL
4449,FAIL
4450,EXC
4451,FAIL
4452,FAIL
4453,FAIL
4454,FAIL
4455,EXC
4456,EXC
4457,EXC
4458,EXC
4459,EXC
4460,EXC
4461,EXC
4462,EXC
4474,LIVE
4475,LIVE
4476,LIVE
4478,FAIL
4480,LIVE
4483,FAIL
4484,LIVE
4486,EXC
4487,EXC
4488,FAIL
4489,EXC
4490,TIME
4491,EXC
4492,EXC
4493,TIME
4494,FAIL
4495,EXC
4496,FAIL
4497,EXC
4498,FAIL
4499,FAIL
4500,TIME
4501,FAIL
4502,FAIL
4503,TIME
4504,LIVE
4505,EXC
4506,EXC
4507,EXC
4508,EXC
4509,EXC
4510,TIME
4511,EXC
4512,FAIL
4513,FAIL
4514,FAIL
4515,TIME
4559,LIVE
4560,LIVE
4561,FAIL
4562,EXC
4563,EXC
4564,LIVE
4569,LIVE
4570,LIVE
4573,EXC
4574,LIVE
4575,LIVE
4576,LIVE
4577,FAIL
4578,LIVE
4602,EXC
4603,LIVE
4604,FAIL
4605,EXC
4606,EXC
4607,EXC
4608,LIVE
4609,EXC
4610,FAIL
4611,FAIL
4612,EXC
4613,FAIL
4614,FAIL
4615,EXC
4616,EXC
4617,FAIL
4618,LIVE
4619,EXC
4620,EXC
4621,EXC
4622,TIME
4623,FAIL
4624,FAIL
4625,FAIL
4626,LIVE
4627,EXC
4628,EXC
4629,LIVE
4630,LIVE
4631,LIVE
4632,EXC
4633,FAIL
4634,LIVE
4635,LIVE
4636,LIVE
4637,LIVE
4638,EXC
4639,LIVE
4642,LIVE
4643,EXC
4646,LIVE
4649,LIVE
4650,LIVE
4651,LIVE
4655,EXC
4656,LIVE
4657,LIVE
4658,EXC
4659,LIVE
4660,LIVE
4661,LIVE
4669,LIVE
4670,LIVE
4671,LIVE
4672,EXC
4673,LIVE
4674,FAIL
4702,LIVE
4703,FAIL
4704,LIVE
4708,FAIL
4709,LIVE
4710,LIVE
4711,LIVE
4712,FAIL
4713,FAIL
4714,LIVE
4715,LIVE
4716,FAIL
4717,LIVE
4718,LIVE
4719,LIVE
4720,LIVE
4721,LIVE
4725,FAIL
4726,FAIL
4727,FAIL
4728,LIVE
4729,LIVE
4730,FAIL
4731,FAIL
4732,LIVE
4733,LIVE
4734,FAIL
4735,FAIL
4736,FAIL
4737,FAIL
4738,FAIL
4739,LIVE
4740,FAIL
4741,LIVE
4742,EXC
4743,LIVE
4744,FAIL
4745,EXC
4746,LIVE
4747,FAIL
4748,FAIL
4749,FAIL
4750,FAIL
4751,LIVE
4753,FAIL
4754,LIVE
4755,FAIL
4756,FAIL
4757,LIVE
4758,FAIL
4759,FAIL
4760,LIVE
4761,FAIL
4762,LIVE
4763,FAIL
4764,LIVE
4765,LIVE
4766,LIVE
4767,LIVE
4768,LIVE
4769,LIVE
4770,LIVE
4771,LIVE
4772,FAIL
4773,FAIL
4774,FAIL
4775,LIVE
4776,FAIL
4777,FAIL
4778,LIVE
4779,FAIL
4780,FAIL
4781,LIVE
4782,FAIL
4783,LIVE
4784,FAIL
4785,FAIL
4786,LIVE
4787,LIVE
4788,FAIL
4789,LIVE
4790,LIVE
4791,FAIL
4793,LIVE
4796,LIVE
4797,FAIL
4798,LIVE
4799,FAIL
4800,FAIL
4801,FAIL
4802,FAIL
4890,LIVE
4891,LIVE
4892,LIVE
4893,LIVE
4894,LIVE
4895,LIVE
4896,LIVE
4897,FAIL
4898,FAIL
4901,LIVE
4902,EXC
4903,LIVE
4904,EXC
4905,EXC
4906,EXC
4907,EXC
4925,FAIL
4926,LIVE
4927,FAIL
4928,FAIL
4929,EXC
4930,EXC
4945,EXC
4946,LIVE
4947,EXC
4948,LIVE
4949,LIVE
4950,FAIL
4951,LIVE
4952,LIVE
4953,LIVE
4954,LIVE
4955,FAIL
4956,FAIL
4957,EXC
4958,LIVE
4959,LIVE
4960,LIVE
4961,LIVE
4962,FAIL
4963,FAIL
5022,LIVE
5023,LIVE
5024,LIVE
5026,LIVE
5027,LIVE
5028,TIME
5029,EXC
5030,LIVE
5031,LIVE
5032,LIVE
5033,LIVE
5034,TIME
5112,FAIL
5114,LIVE
5154,FAIL
5155,FAIL
5156,FAIL
5157,FAIL
5158,EXC
5159,EXC
5160,FAIL
5161,EXC
5162,LIVE
5163,FAIL
5164,FAIL
5165,EXC
5166,FAIL
5167,FAIL
5168,EXC
5169,EXC
5170,LIVE
5172,FAIL
5173,LIVE
5174,FAIL
5175,FAIL
5176,FAIL
5177,FAIL
5178,FAIL
5179,FAIL
5180,FAIL
5181,LIVE
5182,LIVE
5183,FAIL
5184,FAIL
5185,LIVE
5186,LIVE
5187,LIVE
5188,LIVE
5189,LIVE
5190,LIVE
5210,LIVE
5211,LIVE
5212,LIVE
5214,FAIL
5216,LIVE
5217,LIVE
5218,FAIL
5220,LIVE
5223,FAIL
5224,LIVE
5226,LIVE
5228,LIVE
5229,LIVE
5230,LIVE
5231,LIVE
5232,LIVE
5233,LIVE
5234,EXC
5235,EXC
5246,FAIL
5247,LIVE
5248,LIVE
5249,LIVE
5250,LIVE
5255,EXC
5256,EXC
5267,FAIL
5268,LIVE
5269,LIVE
5270,FAIL
5276,FAIL
5277,LIVE
5278,FAIL
5279,FAIL
5280,LIVE
5281,LIVE
5282,FAIL
5283,LIVE
5284,LIVE
5285,FAIL
5286,LIVE
5287,LIVE
5288,FAIL
5289,LIVE
5290,FAIL
5291,LIVE
5292,FAIL
5293,FAIL
5294,LIVE
5295,FAIL
5296,FAIL
5297,FAIL
5298,FAIL
5299,LIVE
5300,LIVE
5301,LIVE
5302,LIVE
5304,LIVE
5306,EXC
5307,EXC
5308,EXC
5309,EXC
5310,FAIL
5311,LIVE
5312,EXC
5313,FAIL
5314,FAIL
5315,FAIL
5401,EXC
5402,EXC
5406,LIVE
5407,LIVE
5408,EXC
5409,FAIL
5410,TIME
5411,TIME
5412,EXC
5420,LIVE
5421,LIVE
5422,EXC
5423,LIVE
5424,LIVE
5430,LIVE
5432,LIVE
5433,FAIL
5434,LIVE
5435,LIVE
5436,LIVE
5437,FAIL
5439,FAIL
5440,LIVE
5441,LIVE
5443,EXC
5444,EXC
5445,FAIL
5447,EXC
5448,FAIL
5481,FAIL
5482,EXC
5483,EXC
5484,EXC
5485,FAIL
5486,LIVE
5487,TIME
5488,FAIL
5489,EXC
5490,FAIL
5491,EXC
5492,EXC
5493,EXC
5494,FAIL
5495,FAIL
5496,EXC
5497,FAIL
5498,FAIL
5499,LIVE
5500,EXC
5501,FAIL
5502,LIVE
5503,FAIL
5504,FAIL
5505,FAIL
5506,EXC
5510,FAIL
5511,LIVE
5512,FAIL
5513,LIVE
5514,LIVE
5516,EXC
5517,FAIL
5518,FAIL
5519,FAIL
5520,FAIL
5521,FAIL
5522,EXC
5523,FAIL
5524,LIVE
5525,LIVE
5526,LIVE
5527,FAIL
5528,LIVE
5530,LIVE
5531,LIVE
5532,EXC
5533,FAIL
5534,LIVE
5535,EXC
5536,FAIL
5537,FAIL
5538,LIVE
5539,LIVE
5540,FAIL
5542,LIVE
5543,LIVE
5544,EXC
5545,LIVE
5546,FAIL
5547,EXC
5548,EXC
5549,EXC
5550,LIVE
5551,FAIL
5552,EXC
5553,EXC
5554,EXC
5555,EXC
5556,LIVE
5557,FAIL
5558,FAIL
5559,FAIL
5560,EXC
5561,EXC
5562,FAIL
5563,FAIL
5564,FAIL
5565,EXC
5566,EXC
5567,EXC
5568,FAIL
5569,EXC
5570,EXC
5571,EXC
5572,FAIL
5573,FAIL
5574,EXC
5575,EXC
5576,EXC
5577,EXC
5578,EXC
5579,EXC
5580,EXC
5581,EXC
5582,EXC
5583,EXC
5584,LIVE
5585,EXC
5586,EXC
5587,EXC
5588,EXC
5589,FAIL
5590,LIVE
5591,LIVE
5592,LIVE
5593,FAIL
5594,LIVE
5595,LIVE
5596,LIVE
5597,FAIL
5599,FAIL
5601,LIVE
5618,LIVE
5619,EXC
5620,FAIL
5621,TIME
5622,FAIL
5623,EXC
5624,FAIL
5625,EXC
5626,EXC
5627,FAIL
5628,FAIL
5629,FAIL
5630,FAIL
5631,FAIL
5632,FAIL
5633,FAIL
5634,LIVE
5635,FAIL
5636,FAIL
5637,FAIL
5638,FAIL
5639,FAIL
5640,FAIL
5641,FAIL
5642,EXC
5643,FAIL
5644,FAIL
5645,FAIL
5646,FAIL
5647,FAIL
5648,FAIL
5649,FAIL
5650,FAIL
5651,LIVE
5652,LIVE
5653,LIVE
5654,FAIL
5655,FAIL
5657,EXC
5658,FAIL
5659,FAIL
5660,FAIL
5661,FAIL
5662,EXC
5663,FAIL
5664,FAIL
5665,EXC
5666,FAIL
5667,FAIL
5668,FAIL
5669,FAIL
5670,EXC
5671,EXC
5672,FAIL
5673,FAIL
5674,EXC
5675,LIVE
5676,EXC
5677,FAIL
5678,FAIL
5679,EXC
5680,EXC
5681,FAIL
5682,FAIL
5683,FAIL
5684,LIVE
5685,FAIL
5686,LIVE
5687,LIVE
5688,FAIL
5689,FAIL
5690,FAIL
5691,FAIL
5692,FAIL
5693,LIVE
5694,FAIL
5695,FAIL
5696,FAIL
5697,FAIL
5698,FAIL
5699,FAIL
5700,EXC
5701,LIVE
5702,LIVE
5703,EXC
5704,EXC
5705,LIVE
5706,LIVE
5707,FAIL
5708,LIVE
5709,FAIL
5710,FAIL
5711,FAIL
5712,FAIL
5713,FAIL
5714,LIVE
5716,LIVE
5717,LIVE
5719,LIVE
5720,LIVE
5722,LIVE
5723,EXC
5724,EXC
5725,EXC
5726,EXC
5727,LIVE
5728,FAIL
5729,LIVE
5730,FAIL
5731,FAIL
5732,FAIL
5733,FAIL
5734,LIVE
5735,FAIL
5736,FAIL
5741,LIVE
5743,LIVE
5749,FAIL
5750,LIVE
5751,EXC
5752,FAIL
5753,EXC
5754,FAIL
5755,EXC
5756,FAIL
5757,EXC
5758,FAIL
5759,EXC
5760,FAIL
5761,EXC
5762,FAIL
5763,FAIL
5764,LIVE
5765,FAIL
5766,FAIL
5767,FAIL
5768,FAIL
5769,FAIL
5770,FAIL
5771,FAIL
5772,FAIL
5773,FAIL
5774,FAIL
5775,FAIL
5776,FAIL
5777,FAIL
5778,FAIL
5779,LIVE
5780,FAIL
5781,FAIL
5782,FAIL
5783,FAIL
5784,FAIL
5785,FAIL
5786,FAIL
5787,FAIL
5788,FAIL
5789,LIVE
5790,FAIL
5791,FAIL
5792,LIVE
5793,FAIL
5794,LIVE
5795,FAIL
5796,LIVE
5797,LIVE
5798,LIVE
5799,FAIL
5800,FAIL
5801,FAIL
5802,FAIL
5803,FAIL
5804,LIVE
5805,LIVE
5806,FAIL
5808,FAIL
5809,FAIL
5810,FAIL
5811,LIVE
5812,FAIL
5813,FAIL
5814,LIVE
5815,FAIL
5816,FAIL
5817,FAIL
5818,FAIL
5819,FAIL
5820,FAIL
5821,FAIL
5822,LIVE
5823,FAIL
5824,FAIL
5825,FAIL
5826,FAIL
5827,FAIL
5828,FAIL
5829,FAIL
5830,FAIL
5831,LIVE
5832,FAIL
5833,FAIL
5834,FAIL
5835,FAIL
5836,LIVE
5837,FAIL
5839,LIVE
5840,LIVE
5841,FAIL
5842,FAIL
5843,FAIL
5844,FAIL
5845,LIVE
5846,FAIL
5847,FAIL
5848,LIVE
5850,LIVE
5851,FAIL
5852,FAIL
5853,LIVE
5856,EXC
5857,EXC
5858,FAIL
5886,LIVE
5887,LIVE
5890,LIVE
5891,LIVE
5892,LIVE
5893,LIVE
5894,FAIL
5895,EXC
5896,FAIL
5898,LIVE
5900,LIVE
5901,LIVE
5903,LIVE
5906,LIVE
5955,LIVE
5956,EXC
5957,EXC
5958,LIVE
5959,EXC
5960,FAIL
5961,LIVE
5962,LIVE
5963,LIVE
5964,LIVE
5965,LIVE
5966,FAIL
5967,LIVE
5968,FAIL
5969,FAIL
5970,LIVE
5971,LIVE
5995,FAIL
5996,LIVE
5997,LIVE
5998,FAIL
5999,FAIL
6016,LIVE
6017,FAIL
6018,FAIL
6019,FAIL
6020,FAIL
6021,LIVE
6022,LIVE
6023,LIVE
6025,LIVE
6026,LIVE
6027,LIVE
6036,FAIL
6037,LIVE
6038,LIVE
6040,FAIL
6041,LIVE
6042,FAIL
6043,FAIL
6046,LIVE
6048,FAIL
6049,LIVE
6050,LIVE
6051,LIVE
6052,LIVE
6054,LIVE
6055,FAIL
6056,FAIL
6057,FAIL
6058,LIVE
6059,LIVE
6060,FAIL
6061,EXC
6062,FAIL
6063,FAIL
6064,LIVE
6065,FAIL
6066,FAIL
6067,FAIL
6068,FAIL
6069,FAIL
6070,FAIL
6071,FAIL
6072,FAIL
6073,FAIL
6074,FAIL
6075,FAIL
6076,FAIL
6077,FAIL
6078,FAIL
