TestNo,TestName
1,ch.qos.logback.core.AsyncAppenderBaseTest
2,ch.qos.logback.core.BasicStatusManagerTest
3,ch.qos.logback.core.ContextBaseTest
4,ch.qos.logback.core.FileAppenderResilienceTest
5,ch.qos.logback.core.FileAppenderResilience_AS_ROOT_Test
6,ch.qos.logback.core.LifeCycleManagerTest
7,ch.qos.logback.core.OutputStreamAppenderTest
8,ch.qos.logback.core.PrudentFileAppenderInterruptTest
9,ch.qos.logback.core.appender.ConsoleAppenderTest
10,ch.qos.logback.core.appender.DummyAppenderTest
11,ch.qos.logback.core.appender.FileAppenderTest
12,ch.qos.logback.core.boolex.MatcherTest
13,ch.qos.logback.core.encoder.ByteArrayUtilTest
14,ch.qos.logback.core.helpers.CyclicBufferTest
15,ch.qos.logback.core.helpers.FileFilterUtilTest
16,ch.qos.logback.core.helpers.ThrowableToStringArrayTest
17,ch.qos.logback.core.joran.conditional.PropertyEvalScriptBuilderTest
18,ch.qos.logback.core.joran.spi.CaseCombinatorTest
19,ch.qos.logback.core.joran.spi.ConfigurationWatchListTest
20,ch.qos.logback.core.joran.spi.DefaultNestedComponentRegistryTest
21,ch.qos.logback.core.joran.spi.ElementSelectorTest
22,ch.qos.logback.core.joran.spi.NoAutoStartUtilTest
23,ch.qos.logback.core.joran.spi.SimpleRuleStoreTest
24,ch.qos.logback.core.joran.util.PropertySetterTest
25,ch.qos.logback.core.net.AbstractSSLSocketAppenderTest
26,ch.qos.logback.core.net.AbstractSocketAppenderIntegrationTest
27,ch.qos.logback.core.net.AutoFlushingObjectWriterTest
28,ch.qos.logback.core.net.DefaultSocketConnectorTest
29,ch.qos.logback.core.net.HardenedObjectInputStreamTest
30,ch.qos.logback.core.net.SyslogAppenderBaseTest
31,ch.qos.logback.core.net.server.AbstractServerSocketAppenderTest
32,ch.qos.logback.core.net.server.ConcurrentServerRunnerTest
33,ch.qos.logback.core.net.server.RemoteReceiverStreamClientTest
34,ch.qos.logback.core.net.server.SSLServerSocketAppenderBaseTest
35,ch.qos.logback.core.net.server.ServerSocketAppenderBaseFunctionalTest
36,ch.qos.logback.core.net.server.ServerSocketListenerTest
37,ch.qos.logback.core.net.ssl.KeyManagerFactoryFactoryBeanTest
38,ch.qos.logback.core.net.ssl.SSLConfigurationTest
39,ch.qos.logback.core.net.ssl.SSLParametersConfigurationTest
40,ch.qos.logback.core.net.ssl.SecureRandomFactoryBeanTest
41,ch.qos.logback.core.net.ssl.TrustManagerFactoryFactoryBeanTest
42,ch.qos.logback.core.pattern.SpacePadderTest
43,ch.qos.logback.core.pattern.parser.CompilerTest
44,ch.qos.logback.core.pattern.parser.FormatInfoTest
45,ch.qos.logback.core.pattern.parser.OptionTokenizerTest
46,ch.qos.logback.core.pattern.parser.ParserTest
47,ch.qos.logback.core.pattern.parser.SamplePatternLayoutTest
48,ch.qos.logback.core.pattern.parser.TokenStreamTest
49,ch.qos.logback.core.read.CyclicBufferAppenderTest
50,ch.qos.logback.core.recovery.RecoveryCoordinatorTest
51,ch.qos.logback.core.recovery.ResilientOutputStreamTest
52,ch.qos.logback.core.rolling.CollisionDetectionTest
53,ch.qos.logback.core.rolling.JVMExitBeforeCompressionISDoneTest
54,ch.qos.logback.core.rolling.MultiThreadedRollingTest
55,ch.qos.logback.core.rolling.RenameUtilTest
56,ch.qos.logback.core.rolling.RollingFileAppenderTest
57,ch.qos.logback.core.rolling.TimeBasedFileNamingAndTriggeringPolicyBaseTest
58,ch.qos.logback.core.rolling.helper.FileNamePatternTest
59,ch.qos.logback.core.rolling.helper.FileStoreUtilTest
60,ch.qos.logback.core.rolling.helper.RollingCalendarTest
61,ch.qos.logback.core.rolling.helper.SizeAndTimeBasedArchiveRemoverTest
62,ch.qos.logback.core.sift.AppenderTrackerTest
63,ch.qos.logback.core.spi.AppenderAttachableImplLockTest
64,ch.qos.logback.core.spi.AppenderAttachableImplTest
65,ch.qos.logback.core.spi.CyclicBufferTrackerTest
66,ch.qos.logback.core.spi.ScenarioBasedCyclicBufferTrackerTest
67,ch.qos.logback.core.status.StatusBaseTest
68,ch.qos.logback.core.status.StatusUtilTest
69,ch.qos.logback.core.subst.NodeToStringTransformerTest
70,ch.qos.logback.core.subst.ParserTest
71,ch.qos.logback.core.subst.TokenizerTest
72,ch.qos.logback.core.util.COWArrayListTest
73,ch.qos.logback.core.util.CachingFotmatterTest
74,ch.qos.logback.core.util.CharSequenceToRegexMapperTest
75,ch.qos.logback.core.util.ContentTypeUtilTest
76,ch.qos.logback.core.util.DatePatternToRegexTest
77,ch.qos.logback.core.util.DefaultInvocationGateTest
78,ch.qos.logback.core.util.DurationTest
79,ch.qos.logback.core.util.EnvUtilTest
80,ch.qos.logback.core.util.FileSizeTest
81,ch.qos.logback.core.util.OptionHelperTest
82,ch.qos.logback.core.util.StatusListenerConfigHelperTest
83,ch.qos.logback.core.util.StatusPrinterTest
84,ch.qos.logback.core.util.StringCollectionUtilTest
